priority,tier,prospect,channel,recipient,official_route,target_asset,pitch_type,status,last_contact_date,next_action,send_requires_approval,guardrail
1,A,Packaging World,Editorial email,Editorial department,https://www.packworld.com/page/pw-contact-us,Packaging Format Finder and pricing guide,Correction follow-up,FOLLOW_UP_CORRECTION_READY_FOR_UMAR_REVIEW,2026-08-21,Umar reviews exact correction before one follow-up,YES,Do not repeat the initial pitch; clearly retire the previous tool link
2,A,Food and Drink Processing and Packaging,Editorial email,Jamie Bullock / editorial@fdpp.co.uk,https://fdpp.co.uk/food-drink-processing-packaging-editorial-submissions/,Food-pouch planning guide,Correction follow-up,FOLLOW_UP_CORRECTION_READY_FOR_UMAR_REVIEW,2026-08-21,Umar reviews exact correction before one follow-up,YES,No food-contact barrier shelf-life testing or regulatory claim without evidence
3,A,BeautyMatter,Editorial email,Editorial team / editorial@beautymatter.com,https://beautymatter.com/contributors,Beauty outer-packaging guide,Article idea,NEW_PITCH_READY_FOR_UMAR_REVIEW,,Umar reviews the exact pitch and scope,YES,Outer packaging only; exclude primary packs formulas filling and compatibility claims
4,A,Packaging Insights,Editorial email,Editorial team / editorial@cnsmedia.com,https://www.packaginginsights.com/contactus.html,Custom packaging pricing and MOQ guide,Expert-source introduction,NEW_PITCH_READY_FOR_UMAR_REVIEW,,Umar reviews the exact source introduction,YES,No invented market data news or performance claims
5,A,Daily Coffee News,Contribution inquiry,Editorial team,https://dailycoffeenews.com/contact/,Coffee-bag style guide,Contribution idea,NEW_PITCH_READY_FOR_UMAR_REVIEW,,Umar reviews the exact inquiry and submission route,YES,Do not use press-release route or claim product suitability before technical review
6,A,Specialty Coffee Association,Editorial submission,Submission team,https://sca.coffee/submissions,Coffee-bag style guide,Human-authored editorial proposal,HUMAN_AUTHOR_BRIEF_ONLY,,Umar writes the proposal personally and discloses UPG connection,YES,Follow house rules; balanced non-promotional original rights-cleared work only
7,B,The Current,None,None,https://thecurrent.media/the-cart,None,Editorial integrity recheck,HOLD_SITE_INTEGRITY,,Recheck site integrity before any contact,YES,Current page output appears compromised by unrelated casino-link material
8,A,Cosmetics Business,Unconfirmed,Jo Allen,https://www.cosmeticsbusiness.com/team/jo-allen,Beauty outer-packaging guide,Contact-route research,RESEARCH_CONTACT_ROUTE,,Confirm a current public editorial submission route,YES,Do not infer a private email or use a commercial route as editorial
9,A,Packaging News,Unconfirmed,Waqas Qureshi,https://wipea.packagingnews.co.uk/womeninpackagingexcellenceawards/en/page/contact-us,None,Editorial-route research,EDITORIAL_ROUTE_UNCONFIRMED_PAID_ROUTE_SEPARATE,,Confirm an earned editorial route independently of the media pack,YES,Do not present a paid supplier listing as an earned citation
