priority,tier,prospect,category,market,public_route,target_asset,opportunity,status,guardrail
1,A,DIELINE,Packaging design editorial,Global,https://thedieline.com/submit/,Future original UPG sample-kit project,Free reviewed project submission,BLOCKED_ORIGINAL_CASE,Requires rights-owned real photography and an original completed project
2,A,Packaging Europe,Packaging editorial,Europe and global,https://packagingeurope.com/submissions,Packaging planning tools or original UPG data,Free editorial submission or expert comment,READY_FOR_PERSONALIZED_PITCH,Must be useful and non-promotional; publication rejects AI-written submissions
3,A,Packaging World,Packaging editorial,North America and global,https://www.packworld.com/page/pw-contact-us,Packaging Spec and MOQ Builder,Editorial tip or expert-source introduction,READY_FOR_PERSONALIZED_PITCH,Pitch expertise and utility rather than a request for a link
4,A,Packaging Digest,Packaging editorial,North America and global,https://www.packagingdigest.com/frequently-asked-questions-faqs,Packaging Artwork Preflight Checker,Exclusive expert contribution pitch,READY_FOR_PERSONALIZED_PITCH,Disclose AI assistance and supply fact-checked original human expertise
5,A,Packaging Insights,Packaging editorial,Global,https://www.packaginginsights.com/contactus.html,Packaging Format Finder,Editorial or press-release route,READY_FOR_PERSONALIZED_PITCH,Needs a real news or insight angle
6,A,Packaging Dive,Packaging business editorial,United States,https://www.packagingdive.com/contact/,Original UPG packaging-planning data,Submit a tip or expert-source introduction,WAIT_FOR_ORIGINAL_DATA,Do not pitch a generic company launch
7,A,Packaging Strategies,Packaging editorial,North America,https://www.packagingstrategies.com/submissions-guidelines,Artwork Preflight Checker,Feature or expert article proposal,READY_FOR_PERSONALIZED_PITCH,Must match stated food beverage household medical or pharmaceutical scope
8,A,Packaging News,Packaging trade editorial,United Kingdom,https://www.packagingnews.co.uk/contactus,UPG tools and global custom-packaging model,Editorial introduction or news tip,READY_FOR_PERSONALIZED_PITCH,Needs a UK or packaging-supply-chain angle
9,B,Sustainable Packaging News,Packaging editorial,Global,https://spnews.com/contact-us/,Future verified material or shipping data,Editorial pitch,WAIT_FOR_VERIFIED_SUSTAINABILITY_DATA,No environmental claim without documented evidence
10,A,Food and Drink Processing and Packaging,Food packaging editorial,United Kingdom,https://fdpp.co.uk/food-drink-processing-packaging-editorial-submissions/,Food-pouch planning guide,Industry professional editorial submission,READY_FOR_PERSONALIZED_PITCH,Keep food-contact and barrier claims inside documented project review
11,B,Healthcare Packaging,Packaging editorial,North America,https://www.healthcarepackaging.com/page/hcp-contact-us,Supplement outer-carton planning guide,Expert-source or tool pitch,RESEARCH_CONTACT_FIT,Do not imply pharmaceutical qualification
12,B,Packaging Gateway,Packaging trade editorial,Global,https://www.packaging-gateway.com/contact-us/,Original UPG tools or data,News tip or expert-source introduction,RESEARCH_CONTACT_FIT,Confirm editorial route before outreach
13,B,The Current,Commerce and retail editorial,North America,https://thecurrent.media/the-cart,Retail packaging planning guide,Story idea or guest article proposal,READY_FOR_PERSONALIZED_PITCH,Educational commerce angle only
14,B,Retail TouchPoints,Retail trade editorial,North America,https://www.retailtouchpoints.com/contact-us,Retail-box and unboxing planning guides,Expert commentary or contributed idea,RESEARCH_CONTACT_FIT,Confirm current contributor policy
15,A,Flexible Packaging Association,Flexible packaging association,United States,https://www.flexpack.org/membership-directory,UPG Mylar and flexible-packaging profile,Reviewed member directory profile,MEMBERSHIP_REVIEW,Membership cost and eligibility require business approval
16,A,Paperboard Packaging Council,Paperboard association,North America,https://members.paperbox.org/directory/Find,UPG tuck-box profile,Member directory profile,MEMBERSHIP_REVIEW,Confirm converter membership eligibility and cost
17,A,Institute of Packaging Professionals,Packaging professional association,United States and global,https://www.iopp.org/i4a/memberDirectory/index.cfm,UPG expert profile and tools,Professional or company member presence,MEMBERSHIP_REVIEW,Use Umar's real experience and avoid unverified credentials
18,B,PMMI,Packaging association,North America,https://www.pmmi.org/membership/member-directory,UPG company profile or tool,Member directory presence,MEMBERSHIP_REVIEW,Confirm manufacturer or supplier eligibility
19,B,AICC,Independent packaging association,North America,https://www.aiccbox.org/page/memberdirectory,Ear-lock mailer and tuck-box profile,Member directory presence,MEMBERSHIP_REVIEW,Avoid presenting UPG as a standard shipping-carton supplier
20,B,Fibre Box Association,Corrugated association,North America,https://www.fibrebox.org/about-fba/members,Ear-lock corrugated mailer expertise,Member or partner route,MEMBERSHIP_REVIEW,Keep RSC master carton and standard shipping-carton work outside offer
21,A,Sustainable Packaging Coalition,Packaging sustainability network,North America and global,https://sustainablepackaging.org/membership/,Future documented packaging data or collaboration,Membership profile and community contribution,WAIT_FOR_VERIFIED_SUSTAINABILITY_DATA,No sustainability claim without evidence
22,B,PAC Global,Packaging network,Canada and global,https://pac.global/membership/,UPG profile and planning tools,Membership and directory route,MEMBERSHIP_REVIEW,Confirm membership fit and cost
23,B,World Packaging Organisation,Packaging association network,Global,https://www.worldpackaging.org/members,UPG profile through eligible national member,Association relationship research,RESEARCH_ELIGIBILITY,Usually routed through member organizations
24,B,Contract Packaging Association,Contract packaging network,North America,https://contractpackaging.org/membership/member-directory/,UPG manufacturing model and tools,Member directory or expert contribution,RESEARCH_ELIGIBILITY,Do not imply packout or fulfillment services unless separately confirmed
25,B,TAPPI,Pulp paper and packaging association,Global,https://www.tappi.org/membership/,Tuck-box board and converting expertise,Membership profile or expert contribution,MEMBERSHIP_REVIEW,Technical contribution must come from Umar-approved facts
26,B,Pro Carton,Cartonboard industry organization,Europe,https://www.procarton.com/about-pro-carton/,Tuck-box style library,Member-company or resource relationship research,RESEARCH_ELIGIBILITY,Confirm supply-chain eligibility before application
27,B,ECMA,Folding carton association,Europe,https://www.ecma.org/membership/,UPG folding-carton profile,Membership or national-association route,RESEARCH_ELIGIBILITY,Confirm eligibility and avoid unsupported regional manufacturing claims
28,B,Flexible Packaging Europe,Flexible packaging association,Europe,https://www.flexpack-europe.org/members,UPG Mylar and pouch range,Membership or association relationship research,RESEARCH_ELIGIBILITY,Confirm membership class and production footprint requirements
29,C,BPIF,Printing industry association,United Kingdom,https://www.britishprint.com/membership,UPG UK company and printed-packaging profile,Membership and directory presence,MEMBERSHIP_REVIEW,Use verified UK company details only
30,B,Packaging Federation,Packaging network,United Kingdom,https://www.packagingfedn.co.uk/contact/,UPG UK profile and tools,Member-association or expert-source introduction,RESEARCH_CONTACT_FIT,Confirm current directory and membership route
31,A,BeautyMatter,Beauty business editorial,Global,https://beautymatter.com/contributors,Cosmetic outer-packaging guides,Editorial pitch or contributed expert perspective,READY_FOR_PERSONALIZED_PITCH,Pitch one evidence-backed beauty packaging question
32,A,Beauty Packaging,Beauty packaging editorial,North America and global,https://ajay.bp.rodmanadmin.com/editorial-guidelines/,Cosmetics cluster and Artwork Preflight Checker,Original article outline or news submission,READY_FOR_PERSONALIZED_PITCH,Requires original relevant content and rights-cleared images
33,A,Cosmetics Business,Beauty trade editorial,United Kingdom and global,https://www.cosmeticsbusiness.com/team/jo-allen,Cosmetic outer-packaging guidance,Expert-source introduction or packaging trend pitch,READY_FOR_PERSONALIZED_PITCH,Do not claim bottles jars filling or formulas
34,B,Global Cosmetic Industry,Beauty trade editorial,North America and global,https://www.gcimagazine.com/page/new-product-submission,Future original UPG sample-kit launch,New product or editorial route,WAIT_FOR_ORIGINAL_SAMPLE_KIT,Requires a genuine new product and rights-owned visuals
35,B,Personal Care Insights,Beauty trade editorial,Global,https://www.personalcareinsights.com/contactus.html,Cosmetic outer-packaging guide,Editorial or press-release introduction,READY_FOR_PERSONALIZED_PITCH,Needs a real insight or news angle
36,B,CosmeticsDesign,Beauty trade editorial,North America and Europe,https://www.cosmeticsdesign.com/Info/Contact-Us,Cosmetics planning data or expert commentary,Editorial-source introduction,WAIT_FOR_ORIGINAL_DATA,Do not pitch a generic service page
37,B,HAPPI,Personal care trade editorial,North America,https://www.happi.com/contact-us/,Soap and cosmetic outer-box guides,Expert commentary or product news research,RESEARCH_CONTACT_FIT,Confirm editorial contact and contribution rules
38,B,Cosmestry,Beauty B2B editorial,Global,https://cosmestry.com/contact-us/,Cosmetic outer-packaging cluster,Editorial inquiry or partnership discussion,READY_FOR_PERSONALIZED_PITCH,Keep partnership commercial terms separate from organic editorial
39,A,Specialty Coffee Association,Coffee association and editorial,Global,https://sca.coffee/submissions,Coffee-bag style guide,Editorial feature pitch,READY_FOR_PERSONALIZED_PITCH,Technical coffee-packaging statements require Umar approval
40,A,Daily Coffee News,Coffee trade editorial,North America and global,https://dailycoffeenews.com/contact/,Coffee-bag guide or original packaging data,News tip or contribution inquiry,READY_FOR_PERSONALIZED_PITCH,Must be relevant news or an independent useful story
41,B,Roast Magazine,Coffee trade editorial,North America and global,https://www.roastmagazine.com/magazine,Coffee-bag planning guide,Expert-source or feature research,RESEARCH_CONTACT_FIT,Technical article needs original human expertise
42,B,Barista Magazine,Coffee trade editorial,Global,https://www.baristamagazine.com/contact/,Coffee-bag planning guide,Product-news or editorial inquiry,RESEARCH_CONTACT_FIT,Confirm editorial rather than paid route
43,B,Fresh Cup,Coffee trade editorial,North America and global,https://freshcup.com/contact/,Coffee-bag guide and planning tools,Expert-source or story pitch,RESEARCH_CONTACT_FIT,Needs an audience-specific coffee business angle
44,B,Perfect Daily Grind,Coffee trade editorial,Global,https://perfectdailygrind.com/contribute/,Coffee-bag planning guide,Contributor or expert-source route,RESEARCH_CONTACT_FIT,Check contributor policy and conflicts before pitching
45,A,Packaging of the World,Packaging design showcase,Global,https://packagingoftheworld.com/submissions/,Future original UPG sample-kit project,Reviewed project submission,BLOCKED_ORIGINAL_CASE,Do not submit AI concepts or third-party customer work without permission
46,A,World Brand Design Society,Brand and packaging showcase,Global,https://worldbranddesign.com/submit-your-work/,Future original UPG-branded sample project,Reviewed project submission,BLOCKED_ORIGINAL_CASE,Requires rights-owned original design and photography
47,B,Pentawards,Packaging design awards,Global,https://pentawards.com/live/en/page/enter,Future original completed packaging project,Award entry,BLOCKED_ORIGINAL_CASE,Entry cost and original-project rights require approval
48,B,WorldStar Packaging Awards,Packaging awards,Global,https://www.worldstar.org/,Future qualifying completed packaging project,Award entry through eligible route,BLOCKED_ORIGINAL_CASE,Check national-award qualification and entry fees
49,B,iF Design Award,Design awards,Global,https://ifdesign.com/en/if-design-award-and-jury,Future original completed packaging project,Award entry,BLOCKED_ORIGINAL_CASE,Entry cost and project ownership require approval
50,B,DIELINE Awards,Packaging design awards,Global,https://dielineawards.com/,Future original completed packaging project,Award entry,BLOCKED_ORIGINAL_CASE,Entry fees and rights-owned case material require approval
